dataset,column,check,issue,affected_rows,severity,status,examples
products,product_id,Product without sales,Product has no sales in sales.csv (possible dead stock),6,Low,FLAG,"P0003, P0213, P0495"
sales,(order details),Possible duplicate sale,Same date/product/store/quantity/revenue as another order (may be a genuine repeat purchase),234,Low,FLAG,"ORD000243, ORD000247, ORD000302"
inventory,current_stock,Column exists,Expected column is missing from the file,0,Critical,PASS,
inventory,inventory_age_days,Column exists,Expected column is missing from the file,0,Critical,PASS,
inventory,product_id,Column exists,Expected column is missing from the file,0,Critical,PASS,
inventory,product_id,Missing values,Value is blank or null,0,Critical,PASS,
inventory,product_id,Broken foreign key,product_id does not exist in products.csv,0,Critical,PASS,
inventory,product_id + store_id,Duplicate primary key,Same product_id + store_id appears on more than one row,0,Critical,PASS,
inventory,store_id,Column exists,Expected column is missing from the file,0,Critical,PASS,
inventory,store_id,Missing values,Value is blank or null,0,Critical,PASS,
inventory,store_id,Broken foreign key,store_id does not exist in stores.csv,0,Critical,PASS,
products,category,Column exists,Expected column is missing from the file,0,Critical,PASS,
products,product_id,Column exists,Expected column is missing from the file,0,Critical,PASS,
products,product_id,Missing values,Value is blank or null,0,Critical,PASS,
products,product_id,Duplicate primary key,Same product_id appears on more than one row,0,Critical,PASS,
products,product_name,Column exists,Expected column is missing from the file,0,Critical,PASS,
products,selling_price,Column exists,Expected column is missing from the file,0,Critical,PASS,
products,unit_cost,Column exists,Expected column is missing from the file,0,Critical,PASS,
sales,order_date,Column exists,Expected column is missing from the file,0,Critical,PASS,
sales,order_id,Column exists,Expected column is missing from the file,0,Critical,PASS,
sales,order_id,Missing values,Value is blank or null,0,Critical,PASS,
sales,order_id,Duplicate primary key,Same order_id appears on more than one row,0,Critical,PASS,
sales,product_id,Column exists,Expected column is missing from the file,0,Critical,PASS,
sales,product_id,Missing values,Value is blank or null,0,Critical,PASS,
sales,product_id,Broken foreign key,product_id does not exist in products.csv,0,Critical,PASS,
sales,quantity,Column exists,Expected column is missing from the file,0,Critical,PASS,
sales,quantity,Out of range,Zero or negative value,0,Critical,PASS,
sales,quantity,Not a whole number,Value should be a whole number,0,Critical,PASS,
sales,revenue,Column exists,Expected column is missing from the file,0,Critical,PASS,
sales,revenue,Out of range,Zero or negative value,0,Critical,PASS,
sales,store_id,Column exists,Expected column is missing from the file,0,Critical,PASS,
sales,store_id,Missing values,Value is blank or null,0,Critical,PASS,
sales,store_id,Broken foreign key,store_id does not exist in stores.csv,0,Critical,PASS,
stores,city,Column exists,Expected column is missing from the file,0,Critical,PASS,
stores,region,Column exists,Expected column is missing from the file,0,Critical,PASS,
stores,store_id,Column exists,Expected column is missing from the file,0,Critical,PASS,
stores,store_id,Missing values,Value is blank or null,0,Critical,PASS,
stores,store_id,Duplicate primary key,Same store_id appears on more than one row,0,Critical,PASS,
stores,store_name,Column exists,Expected column is missing from the file,0,Critical,PASS,
suppliers,lead_time_days,Column exists,Expected column is missing from the file,0,Critical,PASS,
suppliers,on_time_delivery_rate,Column exists,Expected column is missing from the file,0,Critical,PASS,
suppliers,product_id,Column exists,Expected column is missing from the file,0,Critical,PASS,
suppliers,product_id,Missing values,Value is blank or null,0,Critical,PASS,
suppliers,product_id,Broken foreign key,product_id does not exist in products.csv,0,Critical,PASS,
suppliers,supplier_id,Column exists,Expected column is missing from the file,0,Critical,PASS,
suppliers,supplier_id,Missing values,Value is blank or null,0,Critical,PASS,
suppliers,supplier_id + product_id,Duplicate primary key,Same supplier_id + product_id appears on more than one row,0,Critical,PASS,
suppliers,supplier_name,Column exists,Expected column is missing from the file,0,Critical,PASS,
inventory,current_stock,Missing values,Value is blank or null,0,High,PASS,
inventory,current_stock,Invalid number,Value is not a number,0,High,PASS,
inventory,current_stock,Out of range,Negative value,0,High,PASS,
inventory,current_stock,Not a whole number,Value should be a whole number,0,High,PASS,
inventory,inventory_age_days,Missing values,Value is blank or null,0,High,PASS,
inventory,inventory_age_days,Invalid number,Value is not a number,0,High,PASS,
products,category,Missing values,Value is blank or null,0,High,PASS,
products,product_name,Missing values,Value is blank or null,0,High,PASS,
products,selling_price,Missing values,Value is blank or null,0,High,PASS,
products,selling_price,Invalid number,Value is not a number,0,High,PASS,
products,selling_price,Out of range,Zero or negative value,0,High,PASS,
products,unit_cost,Missing values,Value is blank or null,0,High,PASS,
products,unit_cost,Invalid number,Value is not a number,0,High,PASS,
products,unit_cost,Out of range,Zero or negative value,0,High,PASS,
sales,(all columns),Exact duplicate row,Entire row appears more than once,0,High,PASS,
sales,order_date,Missing values,Value is blank or null,0,High,PASS,
sales,order_date,Invalid date,Not a real date in YYYY-MM-DD format,0,High,PASS,
sales,order_date,Future date,Date is after today,0,High,PASS,
sales,quantity,Missing values,Value is blank or null,0,High,PASS,
sales,quantity,Invalid number,Value is not a number,0,High,PASS,
sales,revenue,Missing values,Value is blank or null,0,High,PASS,
sales,revenue,Invalid number,Value is not a number,0,High,PASS,
stores,city,Missing values,Value is blank or null,0,High,PASS,
stores,region,Missing values,Value is blank or null,0,High,PASS,
stores,store_name,Missing values,Value is blank or null,0,High,PASS,
suppliers,lead_time_days,Missing values,Value is blank or null,0,High,PASS,
suppliers,lead_time_days,Invalid number,Value is not a number,0,High,PASS,
suppliers,lead_time_days,Out of range,Zero or negative value,0,High,PASS,
suppliers,lead_time_days,Not a whole number,Value should be a whole number,0,High,PASS,
suppliers,on_time_delivery_rate,Missing values,Value is blank or null,0,High,PASS,
suppliers,on_time_delivery_rate,Invalid number,Value is not a number,0,High,PASS,
suppliers,on_time_delivery_rate,Out of range,Negative value,0,High,PASS,
suppliers,on_time_delivery_rate,Out of range,Value above maximum of 1,0,High,PASS,
suppliers,supplier_name,Missing values,Value is blank or null,0,High,PASS,
inventory,inventory_age_days,Out of range,Negative value,0,Medium,PASS,
inventory,inventory_age_days,Not a whole number,Value should be a whole number,0,Medium,PASS,
inventory,product_id,Extra spaces,Text has leading or trailing spaces,0,Medium,PASS,
inventory,store_id,Extra spaces,Text has leading or trailing spaces,0,Medium,PASS,
products,category,Extra spaces,Text has leading or trailing spaces,0,Medium,PASS,
products,category,Unexpected category,Value is not one of the 8 expected values,0,Medium,PASS,
products,product_id,Extra spaces,Text has leading or trailing spaces,0,Medium,PASS,
products,product_id,ID format,ID does not match expected pattern P\d{4},0,Medium,PASS,
products,product_id,Product without supplier,Product has no supplier in suppliers.csv,0,Medium,PASS,
products,product_name,Extra spaces,Text has leading or trailing spaces,0,Medium,PASS,
products,selling_price,Price below cost,Selling price is lower than unit cost,0,Medium,PASS,
sales,order_date,Date outside period,Date is outside 2025-01-01 to 2025-12-31,0,Medium,PASS,
sales,order_id,Extra spaces,Text has leading or trailing spaces,0,Medium,PASS,
sales,order_id,ID format,ID does not match expected pattern ORD\d{6},0,Medium,PASS,
sales,product_id,Extra spaces,Text has leading or trailing spaces,0,Medium,PASS,
sales,product_id + store_id,Sale without inventory record,Product was sold at a store that has no inventory row for it,0,Medium,PASS,
sales,revenue,Revenue above list price,Revenue is higher than quantity x selling_price,0,Medium,PASS,
sales,store_id,Extra spaces,Text has leading or trailing spaces,0,Medium,PASS,
stores,city,Extra spaces,Text has leading or trailing spaces,0,Medium,PASS,
stores,region,Extra spaces,Text has leading or trailing spaces,0,Medium,PASS,
stores,region,Unexpected category,Value is not one of the 5 expected values,0,Medium,PASS,
stores,store_id,Extra spaces,Text has leading or trailing spaces,0,Medium,PASS,
stores,store_id,ID format,ID does not match expected pattern S\d{3},0,Medium,PASS,
stores,store_name,Extra spaces,Text has leading or trailing spaces,0,Medium,PASS,
suppliers,product_id,Extra spaces,Text has leading or trailing spaces,0,Medium,PASS,
suppliers,supplier_id,Extra spaces,Text has leading or trailing spaces,0,Medium,PASS,
suppliers,supplier_id,ID format,ID does not match expected pattern SUP\d{3},0,Medium,PASS,
suppliers,supplier_name,Extra spaces,Text has leading or trailing spaces,0,Medium,PASS,
suppliers,supplier_name,Inconsistent supplier name,Same supplier_id has different supplier_name values,0,Medium,PASS,
